Workbook

Sheet Proyecto
A1: Proyecto medio | B1: a | C1: b | D1: c | E1: d
B2: 3 | C2: 1.12 | D2: 2.5 | E2: 0.35
A4: Factores de costo | B4: Fiabilidad | C4: 1
B5: Tamaño bd | C5: 1
B6: Complejidad | C6: 1.15
B7: Restricciones tiempo de ejecución | C7: 1
B8: Restricciones memoria virtual | C8: 0
B9: Volatilidad maquina virtual | C9: 0
B10: Tiempo de respues | C10: 1
B11: Capacidad de analisis | C11: 0.86
B12: Experiencia en la aplicación | C12: 0.91
B13: Calidad de los programadores | C13: 1
B14: Experiencia en la maquina virtual | C14: 1.1
B15: Experiencia en el lenguaje | C15: 0.95
B16: Tecnicas actualizadas de programacion | C16: 1
... B18: Restricciones de tiempo | C18: 1.04
A19: Suma factores de costo | C19: =SUM(C4:C18) -> 13.01
A22: Factores funcionales de peso | B22: Simple | C22: Media | D22: Compleja | E22: Contador | F22: Total multi
A23: # entrada usuario | B23: 7 | C23: 10 | D23: 15 | E23: 28 | F23: =C23*E23 -> 280
A24: # salida usuario | B24: 5 | C24: 7 | D24: 10 | E24: 10 | F24: =C24*E24 -> 70
A25: # consultas usuario | B25: 3 | C25: 4 | D25: 6 | E25: 17 | F25: =C25*E25 -> 68
A26: # archivos lógicos internos (tablas) | B26: 4 | C26: 5 | D26: 7 | E26: 9 | F26: =C26*E26 -> 45
A27: # interfaces externas | B27: 3 | C27: 4 | D27: 6 | E27: 0 | F27: =C27*E27 -> 0
E28: Suma Factores de peso | F28: =SUM(F23:F27) -> 463
F30: La familia más cercana > https://domingogallardo.github.io/apuntes-lpp/teoria/tema01-historia-lenguajes-programacion/imagenes/genealogia-de-los-lp.png
A33: PF | B33: =(F28*(0.65+(0.01*C19))) -> 361.1863
A35: Lenguaje | B35: Correlación
A36: Java | B36: 46
A39: LOC=PF* Correlación
A40: LOC | B40: =B33*B36 -> 16614.57 | C40: (Lineas de código)
A41: KLOC /1000 | B41: =B40/1000 -> 16.61457 | C41: (Kilo o miles línea de código)
C45: Esfuerzo | D45: =B52 -> 69.834342 | E45: persona/mes
C46: Duración | D46: =B53 -> 11.050048 | E46: meses
C47: Personal | D47: =B54 -> 6.3198224 | E47: personas
C48: Costo | D48: =C56 -> 1.3117292e+08 | E48: COP (salario × personal × meses)
A52: Esfuerzo | B52: =B2*POWER(B41,C2) -> 69.834342 | C52: persona/mes
A53: Duración | B53: =D2*POWER(B52,E2) -> 11.050048 | C53: meses
A54: Personal | B54: =B52/B53 -> 6.3198224 | C54: personas
A55: Costo | B55: =B54*1878344 -> 11870800 | C55: xmes
C56: =B55*B53 -> 1.3117292e+08

Sheet Comparación
A1: CanchaFácil – COCOMO básico (modo medio): estimado vs. código real
A2: Azul = dato que tú puedes cambiar · Verde = viene de la hoja "Proyecto" · Negro = fórmula
A4: Parámetros
A5: a | B5: =Proyecto!B2 -> 3
A6: b | B6: =Proyecto!C2 -> 1.12
A7: c | B7: =Proyecto!D2 -> 2.5
A8: d | B8: =Proyecto!E2 -> 0.35
A9: PF (de Proyecto) | B9: =Proyecto!B33 -> 361.1863
A10: LOC/PF Java | B10: =Proyecto!B36 -> 46
A11: LOC/PF Python | B11: 53 | C11: Promedio Python según tu PDF (53 SLOC/PF)
A12: Salario mensual por persona | B12: 1878344 | C12: Tomado de la fórmula B55 de tu hoja Proyecto
A15: Conteo real (VS Code Counter, columna Code)
A16: Python | B16: 2925
A17: HTML+Django/Jinja | B17: 2731
A18: HTML+Genshi | B18: 4731
A19: CSS+Lasso | B19: 2308
A20: HTML | B20: 178
A21: JavaScript | B21: 37
A22: Total (todo lo tuyo) | B22: =SUM(B16:B21) -> 12910 | C22: Revisa que CSS/HTML no sean de librerías externas
A25: Escenario | B25: LOC | C25: KLOC | D25: Esfuerzo (persona/mes) | E25: Duración (meses) | F25: Personal | G25: Costo total (COP)
A26: 1. Estimado con PF – Java (46) | B26: =B9*B10 -> 16614.57 | C26: =B26/1000 -> 16.61457 | D26: =$B$5*POWER(C26,$B$6) -> 69.834342 | E26: =$B$7*POWER(D26,$B$8) -> 11.050048 | F26: =D26/E26 -> 6.3198224 | G26: =F26*$B$12*E26 -> 1.3117292e+08
A27: 2. Estimado con PF – Python (53) | B27: =B9*B11 -> 19142.874 | C27: =B27/1000 -> 19.142874 | D27: =$B$5*POWER(C27,$B$6) -> 81.840684 | E27: =$B$7*POWER(D27,$B$8) -> 11.680979 | F27: =D27/E27 -> 7.0063206 | G27: =F27*$B$12*E27 -> 1.5372496e+08
A28: 3. Real – solo Python | B28: =B16 -> 2925 | C28: =B28/1000 -> 2.925 | D28: =$B$5*POWER(C28,$B$6) -> 9.9811879 | E28: =$B$7*POWER(D28,$B$8) -> 5.5931155 | F28: =D28/E28 -> 1.7845488 | G28: =F28*$B$12*E28 -> 18748104
A29: 4. Real – todo (Python + templates + CSS + JS) | B29: =B22 -> 12910 | C29: =B29/1000 -> 12.91 | D29: =$B$5*POWER(C29,$B$6) -> 52.645184 | E29: =$B$7*POWER(D29,$B$8) -> 10.009573 | F29: =D29/E29 -> 5.2594837 | G29: =F29*$B$12*E29 -> 98885765
A31: Nota: el método de la entrega es el escenario 1 (hoja Proyecto). Los escenarios 3 y 4 usan el código ya escrito, solo como comparación.
